{
    "Id": "",
    "Version": "v1.0.203",
    "Type": 0,
    "AccessRight": 0,
    "DownloadUrl": "",
    "InstallPath": "Assets/QFramework/Framework/",
    "IncludeFileOrFolders": [
        "Assets/QFramework/Framework",
        "Assets/QFramework/Toolkits"
    ],
    "DocUrl": "https://liangxiegame.com",
    "Readme": {
        "version": "v1.0.203",
        "content": "FluentAPI：增加 List 的 ForEach 静态扩展重载，index 在前的版本",
        "author": "liangxie",
        "date": "2025 年 06 月 11 日 09:06",
        "PackageId": ""
    }
}