﻿<?xml version="1.0" encoding="utf-8"?>
<linker>
  <assembly fullname="QFramework.CoreKit">
    <type fullname="QFramework.ActionKit" preserve="all" />
    <type fullname="QFramework.CallbackExtension" preserve="all" />
    <type fullname="QFramework.CoroutineExtension" preserve="all" />
    <type fullname="QFramework.IAction" preserve="all" />
    <type fullname="QFramework.IActionController" preserve="all" />
    <type fullname="QFramework.IActionExtensions" preserve="all" />
    <type fullname="QFramework.ISequence" preserve="all" />
  </assembly>
  <assembly fullname="ResKit">
    <type fullname="QFramework.AssetBundleSettings" preserve="all" />
    <type fullname="QFramework.ResKit" preserve="all" />
  </assembly>
  <assembly fullname="System">
    <type fullname="System.CodeDom.Compiler.GeneratedCodeAttribute" preserve="all" />
    <type fullname="System.ComponentModel.EditorBrowsableAttribute" preserve="all" />
    <type fullname="System.ComponentModel.EditorBrowsableState" preserve="all" />
  </assembly>
  <assembly fullname="UIKit">
    <type fullname="QFramework.IUIData" preserve="all" />
    <type fullname="QFramework.UIKit" preserve="all" />
    <type fullname="QFramework.UILevel" preserve="all" />
    <type fullname="QFramework.UIPanel" preserve="all" />
    <type fullname="QFramework.UIPanelData" preserve="all" />
    <type fullname="QFramework.UIRoot" preserve="all" />
  </assembly>
  <assembly fullname="Unity.TextMeshPro">
    <type fullname="TMPro.TMP_Text" preserve="all" />
    <type fullname="TMPro.TextMeshProUGUI" preserve="all" />
  </assembly>
  <assembly fullname="UnityEngine.CoreModule">
    <type fullname="UnityEngine.Debug" preserve="all" />
    <type fullname="UnityEngine.GameObject" preserve="all" />
    <type fullname="UnityEngine.MonoBehaviour" preserve="all" />
    <type fullname="UnityEngine.SerializeField" preserve="all" />
  </assembly>
  <assembly fullname="mscorlib">
    <type fullname="System.Action" preserve="all" />
    <type fullname="System.Action`1" preserve="all" />
    <type fullname="System.Array" preserve="all" />
    <type fullname="System.Byte" preserve="all" />
    <type fullname="System.Collections.IEnumerator" preserve="all" />
    <type fullname="System.Diagnostics.DebuggableAttribute" preserve="all" />
    <type fullname="System.Diagnostics.DebuggableAttribute/DebuggingModes" preserve="all" />
    <type fullname="System.Func`1" preserve="all" />
    <type fullname="System.Object" preserve="all" />
    <type fullname="System.Runtime.CompilerServices.CompilationRelaxationsAttribute" preserve="all" />
    <type fullname="System.Runtime.CompilerServices.CompilerGeneratedAttribute" preserve="all" />
    <type fullname="System.Runtime.CompilerServices.RuntimeCompatibilityAttribute" preserve="all" />
    <type fullname="System.Runtime.CompilerServices.RuntimeHelpers" preserve="all" />
    <type fullname="System.RuntimeFieldHandle" preserve="all" />
    <type fullname="System.ValueType" preserve="all" />
  </assembly>
</linker>